{
    "keep": {
        "days": true,
        "amount": 5
    },
    "auditLog": "C:\\Users\\Rays\\Documents\\Project\\Boilerplate\\nodejs-demo-app\\src\\logs\\%DATE%\\.05765a2d29e2091d140b4c5819d603d9df5adc52-audit.json",
    "files": [
        {
            "date": 1719156839448,
            "name": "C:\\Users\\Rays\\Documents\\Project\\Boilerplate\\nodejs-demo-app\\src\\logs\\2024-06-23\\accountError.log",
            "hash": "7e8be85bd8197ba296667e8bc7ff6582c531ea98864bccad5b5ff39b00ce0ad9"
        }
    ],
    "hashType": "sha256"
}