{
    "keep": {
        "days": true,
        "amount": 5
    },
    "auditLog": "C:\\Users\\Rays\\Documents\\UnyCloud\\Project_SupabaseAuth_R1_ExpressJS\\src\\logs\\%DATE%\\.110581a731fced9543ef5ba1d355a3f83bc7bfd1-audit.json",
    "files": [
        {
            "date": 1725896243741,
            "name": "C:\\Users\\Rays\\Documents\\UnyCloud\\Project_SupabaseAuth_R1_ExpressJS\\src\\logs\\2024-09-09\\ERROR.log",
            "hash": "e2643373a46902b08a50dfae7a343a95244912ccb297bc54048fadf6502d6d3b"
        },
        {
            "date": 1725910552768,
            "name": "C:\\Users\\Rays\\Documents\\UnyCloud\\Project_SupabaseAuth_R1_ExpressJS\\src\\logs\\2024-09-10\\ERROR.log",
            "hash": "eaa9b47e5dadb2d5410b4016a9b8180d5ad581f4d92d9b26ad78c93a44b59dc4"
        }
    ],
    "hashType": "sha256"
}