{
    "keep": {
        "days": true,
        "amount": 5
    },
    "auditLog": "C:\\Users\\Rays\\Documents\\UnyCloud\\Project_SupabaseAuth_R1_ExpressJS\\src\\logs\\%DATE%\\.2b559ba71396e8c1d8c17af91c229eb5f1de383f-audit.json",
    "files": [
        {
            "date": 1725895024981,
            "name": "C:\\Users\\Rays\\Documents\\UnyCloud\\Project_SupabaseAuth_R1_ExpressJS\\src\\logs\\2024-09-09\\loggerInfo.log",
            "hash": "c1d7c89414d26ce10f6d4c2bf27ac97fda628115499c512ee1112a8d557edda9"
        },
        {
            "date": 1725910728850,
            "name": "C:\\Users\\Rays\\Documents\\UnyCloud\\Project_SupabaseAuth_R1_ExpressJS\\src\\logs\\2024-09-10\\loggerInfo.log",
            "hash": "7260e0b11c175d21d7af27f539655f8e662c95fb27d73b0c50b2857dd3512878"
        }
    ],
    "hashType": "sha256"
}