{
    "keep": {
        "days": true,
        "amount": 5
    },
    "auditLog": "C:\\Users\\Rays\\Documents\\Project\\boilerplate\\nodejs-demo-app\\src\\logs\\%DATE%\\.32d53cbf3dc80af6e733b472fba20d00b7407072-audit.json",
    "files": [
        {
            "date": 1725562480497,
            "name": "C:\\Users\\Rays\\Documents\\Project\\boilerplate\\nodejs-demo-app\\src\\logs\\2024-09-06\\ERROR.log",
            "hash": "593df6e4f66cbb6d0ca70cbb0c79019a3b7ca32178f5726db66c5dd238a7fa06"
        }
    ],
    "hashType": "sha256"
}