{
    "keep": {
        "days": true,
        "amount": 5
    },
    "auditLog": "C:\\Users\\Rays\\Documents\\Project\\boilerplate\\nexus\\src\\logs\\%DATE%\\.3c06b8c5b4942a1727cb18aad64fc4956f1e1761-audit.json",
    "files": [
        {
            "date": 1725616752800,
            "name": "C:\\Users\\Rays\\Documents\\Project\\boilerplate\\nexus\\src\\logs\\2024-09-06\\loggerInfo.log",
            "hash": "98914840bd79b7aa6e8f63365784e4e67dc13b0d07e80634bd1a9e5d0aa96652"
        },
        {
            "date": 1725810886297,
            "name": "C:\\Users\\Rays\\Documents\\Project\\boilerplate\\nexus\\src\\logs\\2024-09-08\\loggerInfo.log",
            "hash": "47e999f386345ebd914903957d700e3407b002aa30989dc69b6c71fb9abae4df"
        },
        {
            "date": 1725862770462,
            "name": "C:\\Users\\Rays\\Documents\\Project\\boilerplate\\nexus\\src\\logs\\2024-09-09\\loggerInfo.log",
            "hash": "597e770a4a0a675eaf3e8f99bc3f5a709923b660241dff1c1ff24e78e711b16d"
        }
    ],
    "hashType": "sha256"
}