{
    "keep": {
        "days": true,
        "amount": 5
    },
    "auditLog": "C:\\Users\\Rays\\Documents\\Project\\boilerplate\\nexus\\src\\logs\\%DATE%\\.4e9132679fead6abff80bc2bca6d90226fd7a485-audit.json",
    "files": [
        {
            "date": 1725623571179,
            "name": "C:\\Users\\Rays\\Documents\\Project\\boilerplate\\nexus\\src\\logs\\2024-09-06\\ERROR.log",
            "hash": "f522105904364ff28c77064af636e722ba785d95c8fb9cde3d0ed797a7608ef1"
        },
        {
            "date": 1725812438828,
            "name": "C:\\Users\\Rays\\Documents\\Project\\boilerplate\\nexus\\src\\logs\\2024-09-08\\ERROR.log",
            "hash": "29b34a42c4ab897ed9ec5cb880aed2d1883c1a19d07525784539b16fda2e7ca1"
        },
        {
            "date": 1725870377579,
            "name": "C:\\Users\\Rays\\Documents\\Project\\boilerplate\\nexus\\src\\logs\\2024-09-09\\ERROR.log",
            "hash": "d99170aa75d22f9e7a307df103b3e3d2876ef611a23805ff93ec679cda5b32a8"
        }
    ],
    "hashType": "sha256"
}