{
    "keep": {
        "days": true,
        "amount": 5
    },
    "auditLog": "C:\\Users\\Rays\\Documents\\UnyCloud\\Project_SupabaseAuth_R1_ExpressJS\\src\\logs\\%DATE%\\.5723d662d7d3168741d52771084864d14f69e240-audit.json",
    "files": [
        {
            "date": 1725896243745,
            "name": "C:\\Users\\Rays\\Documents\\UnyCloud\\Project_SupabaseAuth_R1_ExpressJS\\src\\logs\\2024-09-09\\loggerError.log",
            "hash": "17d05d7ba6e182cb1c5445aa0032e62ba011158418198e99a28fdb599f8179b9"
        },
        {
            "date": 1725910552774,
            "name": "C:\\Users\\Rays\\Documents\\UnyCloud\\Project_SupabaseAuth_R1_ExpressJS\\src\\logs\\2024-09-10\\loggerError.log",
            "hash": "0918b96f013bfe1cba881c8ffc27cb0b57995c0c3ead9fcbd726017a1dbc54b8"
        }
    ],
    "hashType": "sha256"
}