{
    "keep": {
        "days": true,
        "amount": 5
    },
    "auditLog": "C:\\Users\\Rays\\Documents\\Project\\boilerplate\\nexus\\src\\logs\\%DATE%\\.689544d9da10c3b3462f3fcce2532caafcff7703-audit.json",
    "files": [
        {
            "date": 1725623044364,
            "name": "C:\\Users\\Rays\\Documents\\Project\\boilerplate\\nexus\\src\\logs\\2024-09-06\\loggerError.log",
            "hash": "88fced8686734ac30e96fd4b04af4869b407f20c0dfa88edce06b50bdae28183"
        },
        {
            "date": 1725812438831,
            "name": "C:\\Users\\Rays\\Documents\\Project\\boilerplate\\nexus\\src\\logs\\2024-09-08\\loggerError.log",
            "hash": "631064599a73f7e811562142093bd994bdd56b56a1134ab5c41c1d711c98c239"
        },
        {
            "date": 1725870377584,
            "name": "C:\\Users\\Rays\\Documents\\Project\\boilerplate\\nexus\\src\\logs\\2024-09-09\\loggerError.log",
            "hash": "eacfb8fb5bc59092a6778e6fae65d287525fcca8174624f3c071c81906089668"
        }
    ],
    "hashType": "sha256"
}