{
    "keep": {
        "days": true,
        "amount": 5
    },
    "auditLog": "C:\\Users\\Rays\\Documents\\Project\\boilerplate\\nexus\\src\\logs\\%DATE%\\.8955a76b2108d69438ceeda80d0a4e8bf8d36942-audit.json",
    "files": [
        {
            "date": 1725872997743,
            "name": "C:\\Users\\Rays\\Documents\\Project\\boilerplate\\nexus\\src\\logs\\2024-09-09\\accountError.log",
            "hash": "9a9df018956cc41a99b19b128aeef83b5d08ae413a5afde814e39f03e2a37c5e"
        }
    ],
    "hashType": "sha256"
}