{
    "keep": {
        "days": true,
        "amount": 5
    },
    "auditLog": "C:\\Users\\Rays\\Documents\\Project\\boilerplate\\nodejs-demo-app\\src\\logs\\%DATE%\\.9b56e5881a42c940538d5ba6aa553852fed70118-audit.json",
    "files": [
        {
            "date": 1725563495160,
            "name": "C:\\Users\\Rays\\Documents\\Project\\boilerplate\\nodejs-demo-app\\src\\logs\\2024-09-06\\accountError.log",
            "hash": "07f24852aaa6135194d9147397337335a511f3860f9d513871f29a1352b85533"
        }
    ],
    "hashType": "sha256"
}