{
    "keep": {
        "days": true,
        "amount": 5
    },
    "auditLog": "C:\\Users\\Rays\\Documents\\Project\\Boilerplate\\nodejs-demo-app\\src\\logs\\%DATE%\\.b071f3db7ed3008fbe665c0d8923bf6035cd66cb-audit.json",
    "files": [
        {
            "date": 1718971821304,
            "name": "C:\\Users\\Rays\\Documents\\Project\\Boilerplate\\nodejs-demo-app\\src\\logs\\2024-06-21\\loggerInfo.log",
            "hash": "92185843a0e00f36cacdaf17a5a54dd8509370cec3b37a75680e54958a20ee27"
        },
        {
            "date": 1719151119776,
            "name": "C:\\Users\\Rays\\Documents\\Project\\Boilerplate\\nodejs-demo-app\\src\\logs\\2024-06-23\\loggerInfo.log",
            "hash": "66591fc949c77c91083b03f077b2bae6307a7d837c742414e25c3342e6ff7fab"
        }
    ],
    "hashType": "sha256"
}