{
    "keep": {
        "days": true,
        "amount": 5
    },
    "auditLog": "C:\\Users\\Rays\\Documents\\Project\\Boilerplate\\nodejs-demo-app\\src\\logs\\%DATE%\\.b2eb340eafab8aa2de5a12e4d1a6907c7709f048-audit.json",
    "files": [
        {
            "date": 1718971821316,
            "name": "C:\\Users\\Rays\\Documents\\Project\\Boilerplate\\nodejs-demo-app\\src\\logs\\2024-06-21\\loggerError.log",
            "hash": "daf36616611d02d769fd1f078eec1e18174bbb45607344d39e849f4aeb24aae9"
        },
        {
            "date": 1719151119789,
            "name": "C:\\Users\\Rays\\Documents\\Project\\Boilerplate\\nodejs-demo-app\\src\\logs\\2024-06-23\\loggerError.log",
            "hash": "46c80c06de261b75e53f41e79546e1fba53b05094951096760205d5a1f97a8ad"
        }
    ],
    "hashType": "sha256"
}