{
    "keep": {
        "days": true,
        "amount": 5
    },
    "auditLog": "C:\\Users\\Rays\\Documents\\Project\\boilerplate\\nodejs-demo-app\\src\\logs\\%DATE%\\.d1202c96af36870805b1e8b3472a216c778c4da5-audit.json",
    "files": [
        {
            "date": 1725559021318,
            "name": "C:\\Users\\Rays\\Documents\\Project\\boilerplate\\nodejs-demo-app\\src\\logs\\2024-09-05\\loggerError.log",
            "hash": "fd7e99255ac8df5a0e31d64d5e86f21008a4d5305e862b218d3632dc1376ddc1"
        },
        {
            "date": 1725561113671,
            "name": "C:\\Users\\Rays\\Documents\\Project\\boilerplate\\nodejs-demo-app\\src\\logs\\2024-09-06\\loggerError.log",
            "hash": "1a2b16789f9aefe61f77ffe3522d0aa58f960bda15a5db7b1350bc09b1a7d2ef"
        }
    ],
    "hashType": "sha256"
}