{
    "keep": {
        "days": true,
        "amount": 5
    },
    "auditLog": "C:\\Users\\Rays\\Documents\\Project\\boilerplate\\nodejs-demo-app\\src\\logs\\%DATE%\\.ee1d88a8bdaab48fdea0bbeefbec5bc75bd9d9f3-audit.json",
    "files": [
        {
            "date": 1725559021307,
            "name": "C:\\Users\\Rays\\Documents\\Project\\boilerplate\\nodejs-demo-app\\src\\logs\\2024-09-05\\loggerInfo.log",
            "hash": "307ed2755197205f04d3ccff47edb89fbc2a63e12028e7fd346efb3d3ebd2d43"
        },
        {
            "date": 1725561113659,
            "name": "C:\\Users\\Rays\\Documents\\Project\\boilerplate\\nodejs-demo-app\\src\\logs\\2024-09-06\\loggerInfo.log",
            "hash": "9ea1bab04678ebe1c854a5fe8502ff3690113eb8192213521fb35e099b6ad343"
        }
    ],
    "hashType": "sha256"
}