{
    "keep": {
        "days": true,
        "amount": 5
    },
    "auditLog": "C:\\Users\\Rays\\Documents\\Project\\Boilerplate\\nodejs-demo-app\\src\\logs\\%DATE%\\.f0d828797b52576ff99afc8dc950bb5c657a3821-audit.json",
    "files": [
        {
            "date": 1719151212927,
            "name": "C:\\Users\\Rays\\Documents\\Project\\Boilerplate\\nodejs-demo-app\\src\\logs\\2024-06-23\\ERROR.log",
            "hash": "52e2c9e16b9c7facc222cff3e9b9b9fafcec1fea4a928d403bfbb0651d1b50dc"
        }
    ],
    "hashType": "sha256"
}